[
{
  "model": "cart.order",
  "pk": 9,
  "fields": {
    "user": 16,
    "ordered": true,
    "created": "2020-08-31T09:02:49.254Z",
    "orderID": "or_QocWo4U3DqXn33oL",
    "paymentID": "pi_HjdPi9vxnXQWUg0A",
    "orderDate": "2020-09-01T06:14:16.332Z",
    "total": "24.65",
    "postOrder": "[{\"id\": 25, \"quantity\": 5, \"total\": 123.25}]",
    "items": []
  }
},
{
  "model": "cart.order",
  "pk": 10,
  "fields": {
    "user": 16,
    "ordered": true,
    "created": "2020-09-07T07:39:57.802Z",
    "orderID": "or_PyDtKTBF3Z15iqun",
    "paymentID": "pi_WsuoFAm0q76qVqwM",
    "orderDate": "2020-09-07T07:42:44.123Z",
    "total": 123.25,
    "postOrder": "[{\"id\": 37, \"quantity\": 1, \"total\": 24.65},{\"id\": 38, \"quantity\": 1, \"total\": 5.0}]",
    "items": []
  }
}
]
